ID Num,LastName,First,Sex,Year,Program,College
2023-0001,Dela Cruz,Jose,Male,1,progCode1,collegeCode1
2023-0002,Santos,Maria May,Female,2,progCode2,collegeCode2
2023-0003,Reyes,Jose,Male,3,progCode3,collegeCode3
2023-0004,Garcia,Ana,Female,4,progCode4,collegeCode4
2023-0005,Lim,Michael,Male,1,progCode5,collegeCode9
2023-0006,Tan,Sarah,Female,2,progCode6,collegeCode6
2023-0007,Cruz,David,Male,3,progCode7,collegeCode7
2023-0008,Bautista,Jessica,Female,4,progCode8,collegeCode1
2023-0009,Mendoza,Paolo,Male,1,progCode9,collegeCode2
2023-0010,Torres,Nicole,Female,2,progCode10,collegeCode3
2023-0011,Ramos,Gabriel,Male,3,progCode11,collegeCode4
2023-0012,Aquino,Sophia,Female,4,progCode12,collegeCode5
2023-0013,Santiago,Elijah,Male,1,progCode13,collegeCode6
2023-0014,Ferrer,Isabella,Female,2,progCode14,collegeCode7
2023-0015,Salazar,Nathan,Male,3,progCode15,collegeCode1
2023-0016,Padilla,Olivia,Female,4,progCode16,collegeCode2
2023-0017,Gonzales,Samuel,Male,1,progCode17,collegeCode3
2023-0018,Herrera,Beatriz,Female,2,progCode18,collegeCode4
2023-0019,Reyes,Martin,Male,3,progCode1,collegeCode5
2023-0020,Castro,Camille,Female,4,progCode22,collegeCode6
2023-0021,Domingo,Luis,Male,1,progCode3,collegeCode7
2023-0022,Vargas,Sofia,Female,2,progCode4,collegeCode1
2023-0023,Morales,Andres,Male,3,progCode5,collegeCode2
2023-0024,Jimenez,Valeria,Female,4,progCode6,collegeCode3
2023-0025,Vidal,Carlos,Male,1,progCode7,collegeCode4
2023-0026,Paredes,Daniela,Female,2,progCode8,collegeCode5
2023-0027,Benitez,Diego,Male,3,progCode9,collegeCode6
2023-0028,Ocampo,Antonella,Female,4,progCode10,collegeCode7
2023-0029,Navarro,Adrian,Male,1,progCode11,collegeCode1
2023-0030,Cordero,Allison,Female,2,progCode12,collegeCode2
